n,win,expR,pf,ddR,t,totR,rr,swing_lb,fvg_window,zones,trend_filter,min_gap_atr,max_risk_atr,atr_rank_min,atr_rank_max
404,64.60396039603961,0.26457019960049394,1.7038465971623002,8.609236386798386,5.407882594847141,106.88636063859954,1.0,2.0,6.0,ny_am,,,,,
416,64.42307692307693,0.26100996179739333,1.6910527525188954,8.59612672715997,5.408432137882889,108.58014410771563,1.0,2.0,20.0,ny_am,,,,,
416,64.42307692307693,0.26100996179739333,1.6910527525188954,8.59612672715997,5.408432137882889,108.58014410771563,1.0,2.0,30.0,ny_am,,,,,
416,64.42307692307693,0.26100996179739333,1.6910527525188954,8.59612672715997,5.408432137882889,108.58014410771563,1.0,2.0,12.0,ny_am,,,,,
387,50.3875968992248,0.22469886703482356,1.4267219973418006,9.75816033995136,3.458740218084463,86.95846154247671,1.5,2.0,6.0,ny_am,,,,,
399,50.125313283208015,0.2180972390696911,1.412033581895627,9.75816033995136,3.4087544019708487,87.02079838880675,1.5,2.0,20.0,ny_am,,,,,
399,50.125313283208015,0.2180972390696911,1.412033581895627,9.75816033995136,3.4087544019708487,87.02079838880675,1.5,2.0,30.0,ny_am,,,,,
399,50.125313283208015,0.2180972390696911,1.412033581895627,9.75816033995136,3.4087544019708487,87.02079838880675,1.5,2.0,12.0,ny_am,,,,,
372,61.29032258064516,0.19873572829409603,1.485554487475953,9.054162894189425,3.8334930676867476,73.92969092540372,1.0,4.0,12.0,ny_am,,,,,
343,61.224489795918366,0.19658839216112675,1.4786122036557978,10.048108159386956,3.636349215108841,67.42981851126648,1.0,4.0,6.0,ny_am,,,,,
377,61.0079575596817,0.19282754659129747,1.4676253769851064,9.054162894189425,3.739344200387169,72.69598506491914,1.0,4.0,20.0,ny_am,,,,,
377,61.0079575596817,0.19282754659129747,1.4676253769851064,9.054162894189425,3.739344200387169,72.69598506491914,1.0,4.0,30.0,ny_am,,,,,
402,59.950248756218905,0.16935148506843337,1.3983994828500566,8.35678543835698,3.3701351781194813,68.07929699751021,1.0,3.0,12.0,ny_am,,,,,
404,59.900990099009896,0.16840990099348838,1.395752355103675,8.35678543835698,3.3592742089231233,68.0376000013693,1.0,3.0,30.0,ny_am,,,,,
404,59.900990099009896,0.16840990099348838,1.395752355103675,8.35678543835698,3.3592742089231233,68.0376000013693,1.0,3.0,20.0,ny_am,,,,,
375,59.73333333333334,0.1653033311840931,1.3871270453367257,8.356785438356987,3.175611693759761,61.98874919403491,1.0,3.0,6.0,ny_am,,,,,
357,58.26330532212886,0.13695781792954606,1.3107787911237345,9.559524242222023,2.558975248983096,48.893941000847946,1.0,5.0,12.0,ny_am,,,,,
363,46.83195592286501,0.1349374137852146,1.2394818355215973,10.31490773916184,2.0164044223078297,48.9822812040329,1.5,3.0,6.0,ny_am,,,,,
330,57.878787878787875,0.12950807480885834,1.2915437384375807,9.491869440220174,2.3249527714886615,42.73766468692325,1.0,5.0,6.0,ny_am,,,,,
364,57.417582417582416,0.11979949498980011,1.2665631708074019,10.600061652459678,2.2547364096261293,43.60701617628724,1.0,5.0,20.0,ny_am,,,,,
366,57.377049180327866,0.11866616460932926,1.2636030123338864,9.60284778864598,2.238387807576008,43.43181624701451,1.0,5.0,30.0,ny_am,,,,,
332,46.08433734939759,0.11628434864530625,1.203563226064883,14.1936153948896,1.6630531028776478,38.606403750241675,1.5,4.0,6.0,ny_am,,,,,
389,46.01542416452442,0.11372826566663362,1.1986696594784956,9.882959530387076,1.7610883463729134,44.24029534432048,1.5,3.0,12.0,ny_am,,,,,
378,33.06878306878307,0.1121588143522614,1.15762921280973,19.796648122173465,1.3022726343314865,42.39603182515481,2.5,2.0,20.0,ny_am,,,,,
378,33.06878306878307,0.1121588143522614,1.15762921280973,19.796648122173465,1.3022726343314865,42.39603182515481,2.5,2.0,30.0,ny_am,,,,,
378,33.06878306878307,0.1121588143522614,1.15762921280973,19.796648122173465,1.3022726343314865,42.39603182515481,2.5,2.0,12.0,ny_am,,,,,
366,33.060109289617486,0.11177764496104932,1.1570737075466346,19.796648122173465,1.2771901387259676,40.91061805574405,2.5,2.0,6.0,ny_am,,,,,
390,45.8974358974359,0.11077603292450522,1.1931100818552298,9.882959530387076,1.7179847242793034,43.202652840557036,1.5,3.0,20.0,ny_am,,,,,
390,45.8974358974359,0.11077603292450522,1.1931100818552298,9.882959530387076,1.7179847242793034,43.202652840557036,1.5,3.0,30.0,ny_am,,,,,
373,38.337801608579085,0.10867540712277345,1.166068517473458,15.820393204224935,1.4124319784713617,40.5359268567945,2.0,2.0,6.0,ny_am,,,,,
385,38.18181818181819,0.10395153409403983,1.1584393853156911,15.820393204224935,1.3736014578384845,40.02134062620534,2.0,2.0,20.0,ny_am,,,,,
385,38.18181818181819,0.10395153409403983,1.1584393853156911,15.820393204224935,1.3736014578384845,40.02134062620534,2.0,2.0,12.0,ny_am,,,,,
385,38.18181818181819,0.10395153409403983,1.1584393853156911,15.820393204224935,1.3736014578384845,40.02134062620534,2.0,2.0,30.0,ny_am,,,,,
358,45.530726256983236,0.10298140462250831,1.1786911869957621,16.702600884184186,1.5318443195537845,36.867342854857974,1.5,4.0,12.0,ny_am,,,,,
362,45.30386740331492,0.09706543520786808,1.1677070776404888,16.702600884184186,1.4525204043182853,35.13768754524824,1.5,4.0,30.0,ny_am,,,,,
362,45.30386740331492,0.09706543520786808,1.1677070776404888,16.702600884184186,1.4525204043182853,35.13768754524824,1.5,4.0,20.0,ny_am,,,,,
319,44.20062695924764,0.06871584424746689,1.1163862703747172,19.518723556667716,0.9676617895857397,21.92035431494194,1.5,5.0,6.0,ny_am,,,,,
343,43.440233236151606,0.04892000072955341,1.0816785281187709,23.790266018203393,0.7154990929918112,16.77956025023682,1.5,5.0,12.0,ny_am,,,,,
352,27.27272727272727,0.041915681736453596,1.0541842276326747,30.589593860222884,0.43489987379651607,14.754319971231666,3.0,2.0,6.0,ny_am,,,,,
350,42.857142857142854,0.0342646726447889,1.0566500503922693,24.814264921110357,0.5071896970055005,11.992635425676115,1.5,5.0,20.0,ny_am,,,,,
364,26.923076923076923,0.027884924251577806,1.0358776182998148,34.37527339880114,0.29541008845513744,10.15011242757432,3.0,2.0,30.0,ny_am,,,,,
364,26.923076923076923,0.027884924251577806,1.0358776182998148,34.37527339880114,0.29541008845513744,10.15011242757432,3.0,2.0,20.0,ny_am,,,,,
364,26.923076923076923,0.027884924251577806,1.0358776182998148,34.37527339880114,0.29541008845513744,10.15011242757432,3.0,2.0,12.0,ny_am,,,,,
352,42.61363636363637,0.027842950793424828,1.045821574830819,24.814264921110357,0.4135476127498833,9.80071867928554,1.5,5.0,30.0,ny_am,,,,,
317,35.646687697160885,0.027708457401065055,1.0406146745591576,24.753559062646275,0.33691114653801346,8.783580996137623,2.0,4.0,6.0,ny_am,,,,,
346,35.54913294797688,0.02340916983748758,1.0342017890507418,17.64153395493178,0.2974530691722155,8.099572763770702,2.0,3.0,6.0,ny_am,,,,,
341,35.19061583577713,0.01470081389039866,1.0214254413462744,28.04385880746306,0.186043112323421,5.012977536625943,2.0,4.0,12.0,ny_am,,,,,
345,35.07246376811594,0.010966151382655692,1.0159517683782233,29.08522996585452,0.13970470160610204,3.783322227016214,2.0,4.0,30.0,ny_am,,,,,
345,35.07246376811594,0.010966151382655692,1.0159517683782233,29.08522996585452,0.13970470160610204,3.783322227016214,2.0,4.0,20.0,ny_am,,,,,
305,29.836065573770494,-0.0007060172563443456,0.9990510462818298,20.328170892913846,-0.00757376087390242,-0.21533526318502538,2.5,4.0,6.0,ny_am,,,,,
336,29.464285714285715,-0.015248952000234054,0.9796454504979881,23.64524269015572,-0.1722781385624616,-5.123647872078642,2.5,3.0,6.0,ny_am,,,,,
368,34.23913043478261,-0.01706022048570923,0.9755853518533214,22.548839857672988,-0.2255001859910353,-6.278161138740996,2.0,3.0,12.0,ny_am,,,,,
369,34.146341463414636,-0.01982602613144833,0.9716644850081657,23.581187362293466,-0.2625950212735909,-7.315803642504434,2.0,3.0,30.0,ny_am,,,,,
369,34.146341463414636,-0.01982602613144833,0.9716644850081657,23.581187362293466,-0.2625950212735909,-7.315803642504434,2.0,3.0,20.0,ny_am,,,,,
329,29.17933130699088,-0.0231750638896909,0.96910458739256,22.11847063773058,-0.25999785235753725,-7.6245960197083065,2.5,4.0,12.0,ny_am,,,,,
333,29.129129129129126,-0.025087841829783897,0.9665812275242895,23.159841796122034,-0.2833214841911088,-8.354251329318037,2.5,4.0,30.0,ny_am,,,,,
333,29.129129129129126,-0.025087841829783897,0.9665812275242895,23.159841796122034,-0.2833214841911088,-8.354251329318037,2.5,4.0,20.0,ny_am,,,,,
358,28.212290502793298,-0.06031744146778391,0.9209480847356737,28.699404399412085,-0.71246970286249,-21.59364404546664,2.5,3.0,12.0,ny_am,,,,,
359,28.133704735376046,-0.06303979540175511,0.9174629246270759,29.73175190403257,-0.7463211029971479,-22.631286549230083,2.5,3.0,20.0,ny_am,,,,,
359,28.133704735376046,-0.06303979540175511,0.9174629246270759,29.73175190403257,-0.7463211029971479,-22.631286549230083,2.5,3.0,30.0,ny_am,,,,,
303,32.01320132013201,-0.08289566300806075,0.8848988741777246,35.9460274126924,-1.0121468993829343,-25.11738589144241,2.0,5.0,6.0,ny_am,,,,,
326,31.595092024539877,-0.0959885736173098,0.8676043372767914,40.54952781764838,-1.2198056087624782,-31.29227499924299,2.0,5.0,12.0,ny_am,,,,,
333,31.23123123123123,-0.1068444439153264,0.8533523335345277,41.74369419338548,-1.3768728243580763,-35.57919982380369,2.0,5.0,20.0,ny_am,,,,,
324,23.456790123456788,-0.11218756650058669,0.8621206549536599,38.22927864672138,-1.1736561483161014,-36.348771546190086,3.0,3.0,6.0,ny_am,,,,,
335,31.044776119402982,-0.11274960170207242,0.8457117696827997,42.76319714668962,-1.4595671533156966,-37.77111657019426,2.0,5.0,30.0,ny_am,,,,,
346,22.54335260115607,-0.14976522462305822,0.8182212934084722,53.6992748201094,-1.6417318475998637,-51.81876771957815,3.0,3.0,12.0,ny_am,,,,,
347,22.478386167146976,-0.15232394877043684,0.8152537540465215,54.731622324729855,-1.6739514588978097,-52.856410223341584,3.0,3.0,20.0,ny_am,,,,,
347,22.478386167146976,-0.15232394877043684,0.8152537540465215,54.731622324729855,-1.6739514588978097,-52.856410223341584,3.0,3.0,30.0,ny_am,,,,,
293,22.18430034129693,-0.162960759280714,0.8028551871251414,48.67690009266174,-1.6529832673639793,-47.7475024692492,3.0,4.0,6.0,ny_am,,,,,
320,21.875,-0.17462547232302988,0.7893407645256348,56.81327742141009,-1.861434687759923,-55.88015114336956,3.0,4.0,30.0,ny_am,,,,,
320,21.875,-0.17462547232302988,0.7893407645256348,56.81327742141009,-1.861434687759923,-55.88015114336956,3.0,4.0,20.0,ny_am,,,,,
316,21.835443037974684,-0.1761091640308855,0.7876452195339679,56.579893457172346,-1.866548157038204,-55.65049583375982,3.0,4.0,12.0,ny_am,,,,,
293,24.914675767918087,-0.17626658829709996,0.7787971816920757,56.79340172823387,-1.9600445927867796,-51.646110371050284,2.5,5.0,6.0,ny_am,,,,,
315,24.444444444444443,-0.19319138757978502,0.7591375548140508,61.30366384333885,-2.2417734946054484,-60.85528708763228,2.5,5.0,12.0,ny_am,,,,,
322,24.22360248447205,-0.20075221090743164,0.7503375363808424,65.07741484422526,-2.363011237780253,-64.64221191219299,2.5,5.0,20.0,ny_am,,,,,
324,24.074074074074073,-0.2062781748721715,0.7440387532718724,67.26933159061583,-2.4405375384845716,-66.83412865858357,2.5,5.0,30.0,ny_am,,,,,
281,19.572953736654807,-0.26849108084041745,0.685521409101758,74.42152503606816,-2.7940690819762577,-75.4459937161573,3.0,5.0,6.0,ny_am,,,,,
302,19.205298013245034,-0.28360513344106214,0.6694188961404399,84.62428161911168,-3.0818649164028247,-85.64875029920077,3.0,5.0,12.0,ny_am,,,,,
309,19.093851132686083,-0.28781771884712454,0.6648339372588715,87.89803261999809,-3.1713653524452896,-88.93567512376148,3.0,5.0,20.0,ny_am,,,,,
311,18.971061093247588,-0.29301476485579436,0.6593870485877121,90.08994936638867,-3.2468502444938747,-91.12759187015205,3.0,5.0,30.0,ny_am,,,,,
399,50.125313283208015,0.2180972390696911,1.412033581895627,9.75816033995136,3.4087544019708487,87.02079838880675,1.5,,,ny_am,,,,,
399,50.125313283208015,0.2180972390696911,1.412033581895627,9.75816033995136,3.4087544019708487,87.02079838880675,1.5,,,london+ny_am,,,,,
378,33.06878306878307,0.1121588143522614,1.15762921280973,19.796648122173465,1.3022726343314865,42.39603182515481,2.5,,,ny_am,,,,,
378,33.06878306878307,0.1121588143522614,1.15762921280973,19.796648122173465,1.3022726343314865,42.39603182515481,2.5,,,london+ny_am,,,,,
385,38.18181818181819,0.10395153409403983,1.1584393853156911,15.820393204224935,1.3736014578384845,40.02134062620534,2.0,,,ny_am,,,,,
385,38.18181818181819,0.10395153409403983,1.1584393853156911,15.820393204224935,1.3736014578384845,40.02134062620534,2.0,,,london+ny_am,,,,,
912,45.94298245614035,0.10099086417067735,1.1732055797195269,20.635299437698087,2.381462389323564,92.10366812365774,1.5,,,ny_am+ny_pm,,,,,
912,45.94298245614035,0.10099086417067735,1.1732055797195269,20.635299437698087,2.381462389323564,92.10366812365774,1.5,,,london+ny_am+ny_pm,,,,,
895,35.53072625698324,0.011363255225469913,1.0163458145552657,32.78543977585805,0.23140287556205813,10.170113426795572,2.0,,,ny_am+ny_pm,,,,,
895,35.53072625698324,0.011363255225469913,1.0163458145552657,32.78543977585805,0.23140287556205813,10.170113426795572,2.0,,,london+ny_am+ny_pm,,,,,
515,42.71844660194174,0.01083071065065956,1.0173461762517608,21.670620437494748,0.1925477204090269,5.577815985089673,1.5,,,ny_pm,,,,,
889,29.92125984251969,-0.012200599626224221,0.9838815111282718,42.30585441127449,-0.2223974390073839,-10.846333067713333,2.5,,,ny_am+ny_pm,,,,,
889,29.92125984251969,-0.012200599626224221,0.9838815111282718,42.30585441127449,-0.2223974390073839,-10.846333067713333,2.5,,,london+ny_am+ny_pm,,,,,
512,33.59375,-0.0563599237288498,0.9221332241218995,46.30313336194817,-0.8763924561093337,-28.856280949171097,2.0,,,ny_pm,,,,,
512,27.5390625,-0.10593800267731993,0.8660568756989279,66.83538937023175,-1.4974708077654948,-54.2402573707878,2.5,,,ny_pm,,,,,
0,,,,,,,1.5,,,london,,,,,
0,,,,,,,2.0,,,london,,,,,
0,,,,,,,2.5,,,london,,,,,
392,50.255102040816325,0.22024395514115921,1.4163978587363466,10.667615760903104,3.4097540540094835,86.3356304153344,1.5,,,ny_am,False,0.0,3.0,,
399,50.125313283208015,0.2180972390696911,1.412033581895627,9.75816033995136,3.4087544019708487,87.02079838880675,1.5,,,ny_am,False,0.0,0.0,,
397,50.12594458438288,0.21799766925481556,1.411774872244937,9.758160339951374,3.3984161363100323,86.54507469416178,1.5,,,ny_am,False,0.0,5.0,,
357,49.85994397759104,0.20797961319530217,1.3887514222522321,15.369529928261713,3.0685979250335342,74.24872191072288,1.5,,,ny_am,False,0.0,2.0,,
49,48.97959183673469,0.20368995330049697,1.3855732893770567,6.144837127891796,1.1157354898581007,9.980807711724351,1.5,,,ny_am,False,1.0,0.0,,
347,35.158501440922194,0.18256470111379325,1.2634687509789104,15.705319570581864,1.998223550125168,63.34995128648626,2.5,,,ny_am,False,0.0,2.0,,
161,34.78260869565217,0.17173926501049294,1.2472324846250202,16.374613236251335,1.2824192602624453,27.650021666689362,2.5,,,ny_am,True,0.0,2.0,,
229,47.59825327510917,0.1574620933964207,1.2847462802973628,10.250889468420084,1.8680995226292856,36.05881938778034,1.5,,,ny_am,True,0.0,0.0,,
227,47.57709251101321,0.15677519690117583,1.2833245827382476,10.250889468420084,1.8516664952119861,35.587969696566915,1.5,,,ny_am,True,0.0,5.0,,
352,39.77272727272727,0.14880242495424642,1.231552968556922,16.489021103409982,1.8630256536862115,52.37845358389474,2.0,,,ny_am,False,0.0,2.0,,
32,46.875,0.1472596218716568,1.266437825745544,5.20917400086859,0.6483841307903212,4.712307899893018,1.5,,,ny_am,False,1.0,3.0,,
208,47.11538461538461,0.14477027966259007,1.259408353290602,10.054892204875665,1.637954222721018,30.112218169818732,1.5,,,ny_am,False,0.25,2.0,,
45,46.666666666666664,0.1447122531957358,1.261917135102177,6.144837127891796,0.7604129849519076,6.512051393808111,1.5,,,ny_am,False,1.0,5.0,,
266,46.99248120300752,0.14412953794933456,1.258590423119459,9.45170666665706,1.847374183448717,38.338457094522994,1.5,,,ny_am,False,0.25,0.0,,
219,47.03196347031963,0.14186636543465259,1.2533713345396345,9.091423270327933,1.6458840493913243,31.068734030188914,1.5,,,ny_am,True,0.0,3.0,,
375,33.86666666666667,0.13929454408031175,1.1978177621303863,16.28158216887151,1.6007885113162,52.235454030116905,2.5,,,ny_am,False,0.0,3.0,,
101,46.53465346534654,0.1360788373387971,1.2437316058145513,9.082558563034162,1.075424098567883,13.743962571218507,1.5,,,ny_am,False,0.5,2.0,,
264,46.590909090909086,0.13391426116951027,1.2384711876348216,9.45170666665706,1.7109253618292963,35.35336494875071,1.5,,,ny_am,False,0.25,5.0,,
209,33.49282296650718,0.13207606523550955,1.187971970068987,11.739644614186698,1.13711102813788,27.603897634221493,2.5,,,ny_am,True,0.0,5.0,,
169,46.74556213017752,0.13041505030321415,1.2301963811827943,11.710220484309826,1.3257976673728669,22.040143501243193,1.5,,,ny_am,True,0.0,2.0,,
254,46.45669291338583,0.1296346810959278,1.2299603712401432,9.943388398357374,1.6239911168416425,32.92720899836566,1.5,,,ny_am,False,0.25,3.0,,
382,39.00523560209424,0.12789925825518567,1.197245675720489,13.836312767406682,1.6759660425859901,48.85751665348092,2.0,,,ny_am,False,0.0,3.0,,
210,33.33333333333333,0.12655939501368732,1.1797261964882078,11.739644614186698,1.0935964756285335,26.577472952874338,2.5,,,ny_am,True,0.0,0.0,,
204,33.33333333333333,0.12536834249672524,1.1777730423489157,13.051259131303162,1.0673078468443364,25.57514186933195,2.5,,,ny_am,True,0.0,3.0,,
59,45.76271186440678,0.11669327895855347,1.206056696554663,6.964615714547618,0.7031095149466237,6.884903458554655,1.5,,,ny_am,True,0.5,2.0,,
378,33.06878306878307,0.1121588143522614,1.15762921280973,19.796648122173465,1.3022726343314865,42.39603182515481,2.5,,,ny_am,False,0.0,0.0,,
378,33.06878306878307,0.1121463279283378,1.1576089021792833,19.796648122173465,1.3021211090938507,42.391311956911686,2.5,,,ny_am,False,0.0,5.0,,
154,45.45454545454545,0.11131526352833207,1.196117970328083,7.068283635976803,1.0910523982039317,17.14255058336314,1.5,,,ny_am,False,0.5,0.0,,
384,38.28125,0.10688220205507382,1.1631435433046533,15.820393204224942,1.4097171996529456,41.042765589148345,2.0,,,ny_am,False,0.0,5.0,,
385,38.18181818181819,0.10395153409403983,1.1584393853156911,15.820393204224935,1.3736014578384845,40.02134062620534,2.0,,,ny_am,False,0.0,0.0,,
101,44.554455445544555,0.09029377573239124,1.1569221393272482,7.486412099676947,0.717426299743462,9.119671348971515,1.5,,,ny_am,True,0.5,0.0,,
139,44.60431654676259,0.08881119825135803,1.1538660978579596,7.673084614872066,0.8278170167381754,12.344756556938766,1.5,,,ny_am,False,0.5,3.0,,
151,44.370860927152314,0.08384452062049765,1.144857164001444,7.673084614872066,0.8156013540215067,12.660522613695145,1.5,,,ny_am,False,0.5,5.0,,
165,37.57575757575757,0.08337397036799599,1.1254263803664055,20.244463491687597,0.7212861986012673,13.756705110719338,2.0,,,ny_am,True,0.0,2.0,,
34,44.11764705882353,0.08099490299536152,1.139966591521261,6.210932654097762,0.37020960593940416,2.753826701842292,1.5,,,ny_am,True,1.0,0.0,,
86,44.18604651162791,0.07980309885739172,1.137554032184189,6.986861127913369,0.5848074137821939,6.8630665017356876,1.5,,,ny_am,True,0.5,3.0,,
98,43.87755102040816,0.07297842687614677,1.1252750458550933,7.567638151633961,0.5719736738529092,7.151885833862384,1.5,,,ny_am,True,0.5,5.0,,
217,36.86635944700461,0.06769240096030993,1.1015152059369955,15.019758189609565,0.6762938781066734,14.689251008387256,2.0,,,ny_am,True,0.0,0.0,,
215,36.74418604651163,0.06380651775429688,1.0954831201767523,13.9933335082624,0.6349196258752211,13.718401317173829,2.0,,,ny_am,True,0.0,5.0,,
210,36.666666666666664,0.06042688358230615,1.090198069123789,17.115140224246144,0.5942963658442412,12.689645552284292,2.0,,,ny_am,True,0.0,3.0,,
165,43.63636363636363,0.05971849023596366,1.1008848319884894,13.3870528077174,0.6061081551423363,9.853550888934004,1.5,,,ny_am,True,0.25,0.0,,
163,43.558282208588956,0.05756258403509562,1.0970843360202571,12.360628126370225,0.5807240835057864,9.382701197720586,1.5,,,ny_am,True,0.25,5.0,,
55,30.909090909090907,0.04676104359910152,1.0646186288780568,11.03283462665001,0.2100290927326761,2.5718573979505837,2.5,,,ny_am,True,0.5,2.0,,
203,31.03448275862069,0.04524558792194238,1.062152676057491,14.683257254529705,0.39182069574171413,9.184854348154303,2.5,,,ny_am,False,0.25,2.0,,
45,35.55555555555556,0.04096615190834223,1.0613219747962,8.328603047534417,0.18728703771523053,1.8434768358754003,2.0,,,ny_am,False,1.0,0.0,,
152,42.76315789473684,0.03609999355562668,1.0599334175794157,14.343583849634625,0.3521867165326436,5.487199020455256,1.5,,,ny_am,True,0.25,3.0,,
98,30.612244897959183,0.03553814003825716,1.0488508476064866,12.89207064614817,0.21444639633178825,3.4827377237492017,2.5,,,ny_am,False,0.5,2.0,,
99,35.35353535353536,0.028480254040732424,1.042149120863632,14.892070646148216,0.19416179353691002,2.81954515003251,2.0,,,ny_am,False,0.5,2.0,,
31,41.935483870967744,0.025356167313973034,1.0421504729498305,6.210932654097761,0.11118074829513781,0.786041186733164,1.5,,,ny_am,True,1.0,5.0,,
57,35.08771929824561,0.02048370749717945,1.0301886468727726,11.532834626650033,0.10572750665314896,1.1675713273392287,2.0,,,ny_am,True,0.5,2.0,,
103,30.097087378640776,0.010120980844401242,1.0136829378093526,20.14984479510743,0.06277239374314257,1.0424610269733279,2.5,,,ny_am,True,0.25,2.0,,
151,29.80132450331126,0.005532751669920305,1.0075037427286904,17.51651829608072,0.041806951104972276,0.8354455021579661,2.5,,,ny_am,True,0.25,5.0,,
32,34.375,0.004743669026088859,1.006962829079383,7.723164117256852,0.018326470148473085,0.1517974088348435,2.0,,,ny_am,True,1.0,0.0,,
152,29.605263157894733,-0.0012564419683499118,0.998300346621679,18.54294297742787,-0.009544376403616875,-0.1909791791891866,2.5,,,ny_am,True,0.25,0.0,,
107,41.1214953271028,-0.009297747912840779,0.9850674839106359,14.799781957560675,-0.07629679666112243,-0.9948590266739634,1.5,,,ny_am,True,0.25,2.0,,
143,29.37062937062937,-0.010976061353978342,0.9852271286976368,19.002451982418343,-0.08100927383028594,-1.5695767736189028,2.5,,,ny_am,True,0.25,3.0,,
205,34.146341463414636,-0.014328525333006195,0.9793619194167795,19.53924589302279,-0.14168335643888114,-2.93734769326627,2.0,,,ny_am,False,0.25,2.0,,
243,29.218106995884774,-0.016913385763498153,0.9772979506214671,16.532954410576796,-0.16320598140222672,-4.109952740530051,2.5,,,ny_am,False,0.25,3.0,,
95,33.68421052631579,-0.017057529098907436,0.9752297801328002,11.571350040087752,-0.11538766485250752,-1.6204652643962063,2.0,,,ny_am,True,0.5,0.0,,
80,28.749999999999996,-0.024945454420808356,0.966370170601956,11.030859045078191,-0.13858953699475965,-1.9956363536646684,2.5,,,ny_am,True,0.5,3.0,,
42,33.33333333333333,-0.026860257725067754,0.9611520462183649,8.328603047534417,-0.12036391540234391,-1.1281308244528456,2.0,,,ny_am,False,1.0,5.0,,
91,28.57142857142857,-0.029969401978294227,0.9596348107464787,11.949268822557293,-0.17810962848144732,-2.7272155800247746,2.5,,,ny_am,True,0.5,0.0,,
133,28.57142857142857,-0.03366767934972073,0.9548693474443243,11.51823620263881,-0.24201611592365646,-4.477801353512858,2.5,,,ny_am,False,0.5,3.0,,
251,28.68525896414343,-0.034810291403097916,0.9535672268150615,14.43030843906276,-0.343382874369437,-8.737383142177578,2.5,,,ny_am,False,0.25,5.0,,
251,28.68525896414343,-0.03484746624125044,0.9535199463895079,14.42648629384365,-0.34374466398315656,-8.74671402655386,2.5,,,ny_am,False,0.25,0.0,,
82,32.926829268292686,-0.04126449797232494,0.9408421217703432,11.530859045078214,-0.26051561611694,-3.383688833730645,2.0,,,ny_am,True,0.5,3.0,,
157,33.12101910828025,-0.04197560916125797,0.9402089127776002,20.542942977427906,-0.36604066591145623,-6.590170638317501,2.0,,,ny_am,True,0.25,0.0,,
146,32.87671232876712,-0.04350144991384004,0.937744884869806,13.339398409441943,-0.3674790813835981,-6.351211687420646,2.0,,,ny_am,False,0.5,0.0,,
134,32.83582089552239,-0.045707166691672955,0.9347046839532721,13.970605857288518,-0.36981096053351,-6.124760336684176,2.0,,,ny_am,False,0.5,3.0,,
89,28.08988764044944,-0.047165468792958735,0.9369115068943576,13.419779965105846,-0.2785961040774324,-4.197726722573328,2.5,,,ny_am,True,0.5,5.0,,
155,32.903225806451616,-0.04878077631955441,0.9307557773655425,19.516518296080744,-0.4233358134639445,-7.561020329530933,2.0,,,ny_am,True,0.25,5.0,,
92,32.608695652173914,-0.049872291081579846,0.9287466419160765,12.541861182636298,-0.33466837810270833,-4.588250779505346,2.0,,,ny_am,True,0.5,5.0,,
247,32.79352226720648,-0.053539711504876235,0.9242453391329398,17.998675901855666,-0.5876257106097846,-13.22430874170443,2.0,,,ny_am,False,0.25,3.0,,
147,32.6530612244898,-0.05759212656671962,0.9186767420677922,20.502451982418368,-0.48739424668150894,-8.466042605307784,2.0,,,ny_am,True,0.25,3.0,,
255,32.549019607843135,-0.06013492018154911,0.9151294205216801,19.3006857798939,-0.6721557835631169,-15.334404646295024,2.0,,,ny_am,False,0.25,0.0,,
144,27.77777777777778,-0.060611708964852275,0.9195329383527393,11.336460578394009,-0.45753702032491433,-8.728086090938728,2.5,,,ny_am,False,0.5,0.0,,
254,32.28346456692913,-0.06819822100188708,0.904121892084242,19.2875327502985,-0.762432250254256,-17.322348134479316,2.0,,,ny_am,False,0.25,5.0,,
105,32.38095238095238,-0.07011261946321852,0.9019236905827668,22.64984479510743,-0.5011356236768268,-7.361825043637944,2.0,,,ny_am,True,0.25,2.0,,
144,31.944444444444443,-0.07177840971875453,0.8986754865112145,15.32318120374225,-0.606729613463534,-10.336090999500652,2.0,,,ny_am,False,0.5,5.0,,
143,27.27272727272727,-0.07843140580739963,0.8965899982665404,11.336460578394007,-0.5933731432592501,-11.215691030458148,2.5,,,ny_am,False,0.5,5.0,,
42,26.190476190476193,-0.1116457277070004,0.8539768827688824,10.758546223758847,-0.4607045737569334,-4.689120563694017,2.5,,,ny_am,False,1.0,0.0,,
30,30.0,-0.13102840938137258,0.8202049081865429,6.748983026504526,-0.507496611722488,-3.9308522814411777,2.0,,,ny_am,False,1.0,3.0,,
40,25.0,-0.15408634628654203,0.8017517219543229,10.758546223758845,-0.6296555048227317,-6.163453851461681,2.5,,,ny_am,False,1.0,5.0,,
16,,,,,,,1.5,,,ny_am,False,1.0,2.0,,
11,,,,,,,1.5,,,ny_am,True,1.0,2.0,,
21,,,,,,,1.5,,,ny_am,True,1.0,3.0,,
16,,,,,,,2.0,,,ny_am,False,1.0,2.0,,
11,,,,,,,2.0,,,ny_am,True,1.0,2.0,,
20,,,,,,,2.0,,,ny_am,True,1.0,3.0,,
29,,,,,,,2.0,,,ny_am,True,1.0,5.0,,
15,,,,,,,2.5,,,ny_am,False,1.0,2.0,,
29,,,,,,,2.5,,,ny_am,False,1.0,3.0,,
29,,,,,,,2.5,,,ny_am,True,1.0,0.0,,
10,,,,,,,2.5,,,ny_am,True,1.0,2.0,,
19,,,,,,,2.5,,,ny_am,True,1.0,3.0,,
27,,,,,,,2.5,,,ny_am,True,1.0,5.0,,
396,50.505050505050505,0.22807646506646828,1.4343964125875015,9.440879696251766,3.552040803961891,90.31828016632144,1.5,,,ny_am,,,,0.6,1.0
399,50.125313283208015,0.2180972390696911,1.412033581895627,9.75816033995136,3.4087544019708487,87.02079838880675,1.5,,,ny_am,,,,0.0,1.0
399,50.125313283208015,0.2180972390696911,1.412033581895627,9.75816033995136,3.4087544019708487,87.02079838880675,1.5,,,ny_am,,,,0.4,1.0
400,50.0,0.21495475214005638,1.4051217016268567,9.75816033995136,3.3639941107797777,85.98190085602255,1.5,,,ny_am,,,,0.2,1.0
50,50.0,0.2114256506392097,1.3952402690770087,9.795912345967878,1.1548134963333327,10.571282531960485,1.5,,,ny_am,,,,0.6,0.8
54,48.148148148148145,0.1624055102559511,1.2920567468429833,9.795912345967874,0.9224116844883171,8.769897553821359,1.5,,,ny_am,,,,0.0,0.8
54,48.148148148148145,0.1624055102559511,1.2920567468429833,9.795912345967874,0.9224116844883171,8.769897553821359,1.5,,,ny_am,,,,0.4,0.8
55,47.27272727272727,0.14056363674613015,1.2488496011243175,9.795912345967874,0.8068632060606087,7.731000021037158,1.5,,,ny_am,,,,0.2,0.8
375,33.6,0.13143873100347656,1.1863026871529108,18.676323589728504,1.514221831090473,49.28952412630371,2.5,,,ny_am,,,,0.6,1.0
382,38.7434554973822,0.12134172210835488,1.1866974314399465,14.700068671779981,1.5928595810117743,46.352537845391566,2.0,,,ny_am,,,,0.6,1.0
378,33.06878306878307,0.1121588143522614,1.15762921280973,19.796648122173465,1.3022726343314865,42.39603182515481,2.5,,,ny_am,,,,0.0,1.0
378,33.06878306878307,0.1121588143522614,1.15762921280973,19.796648122173465,1.3022726343314865,42.39603182515481,2.5,,,ny_am,,,,0.4,1.0
379,32.98153034300791,0.10912172636509394,1.1531749134818685,19.796648122173465,1.2695721109614857,41.3571342923706,2.5,,,ny_am,,,,0.2,1.0
385,38.18181818181819,0.10395153409403983,1.1584393853156911,15.820393204224935,1.3736014578384845,40.02134062620534,2.0,,,ny_am,,,,0.0,1.0
385,38.18181818181819,0.10395153409403983,1.1584393853156911,15.820393204224935,1.3736014578384845,40.02134062620534,2.0,,,ny_am,,,,0.4,1.0
386,38.082901554404145,0.10099078521611694,1.1536943984428139,15.820393204224935,1.3369211333998383,38.98244309342114,2.0,,,ny_am,,,,0.2,1.0
48,35.41666666666667,0.016743005033387288,1.0243052244353636,14.955891769514414,0.07844330453087896,0.8036642416025899,2.0,,,ny_am,,,,0.6,0.8
46,28.26086956521739,-0.06053130100419453,0.9208512114536099,16.03922907128672,-0.25341096105290406,-2.7844398461929485,2.5,,,ny_am,,,,0.6,0.8
52,32.69230769230769,-0.06791223419630937,0.9055422674469176,14.955891769514414,-0.3378289319471646,-3.531436178208087,2.0,,,ny_am,,,,0.0,0.8
52,32.69230769230769,-0.06791223419630937,0.9055422674469176,14.955891769514414,-0.3378289319471646,-3.531436178208087,2.0,,,ny_am,,,,0.4,0.8
53,32.075471698113205,-0.0862327115281564,0.8810593025344824,14.955891769514414,-0.4354191117765643,-4.570333710992289,2.0,,,ny_am,,,,0.2,0.8
50,24.0,-0.2141050910342602,0.736328584174951,16.03922907128672,-0.985575011066788,-10.70525455171301,2.5,,,ny_am,,,,0.0,0.8
50,24.0,-0.2141050910342602,0.736328584174951,16.03922907128672,-0.985575011066788,-10.70525455171301,2.5,,,ny_am,,,,0.4,0.8
51,23.52941176470588,-0.23027749185288648,0.7179573879287235,16.072339445406016,-1.0783314071373031,-11.74415208449721,2.5,,,ny_am,,,,0.2,0.8
6,,,,,,,1.5,,,ny_am,,,,0.0,0.6
7,,,,,,,1.5,,,ny_am,,,,0.2,0.6
6,,,,,,,1.5,,,ny_am,,,,0.4,0.6
0,,,,,,,1.5,,,ny_am,,,,0.6,0.6
6,,,,,,,2.0,,,ny_am,,,,0.0,0.6
7,,,,,,,2.0,,,ny_am,,,,0.2,0.6
6,,,,,,,2.0,,,ny_am,,,,0.4,0.6
0,,,,,,,2.0,,,ny_am,,,,0.6,0.6
6,,,,,,,2.5,,,ny_am,,,,0.0,0.6
7,,,,,,,2.5,,,ny_am,,,,0.2,0.6
6,,,,,,,2.5,,,ny_am,,,,0.4,0.6
0,,,,,,,2.5,,,ny_am,,,,0.6,0.6
