ts,side,outcome,R
2022-01-05 10:55:00-05:00,long,stop,-1.0764525993850336
2022-01-06 10:20:00-05:00,long,target,1.98538011695992
2022-01-07 09:45:00-05:00,long,stop,-1.0267134788577816
2022-01-11 11:00:00-05:00,long,target,1.9952088922959907
2022-01-12 09:45:00-05:00,short,stop,-1.0290601129188126
2022-01-13 10:05:00-05:00,short,target,1.9955806964823126
2022-01-14 09:40:00-05:00,long,stop,-1.02362629944615
2022-01-17 10:15:00-05:00,long,stop,-1.0683060109262923
2022-01-18 10:35:00-05:00,short,target,1.9948517298188868
2022-01-19 10:35:00-05:00,short,timeout,
2022-01-21 10:30:00-05:00,long,target,1.992605737947572
2022-01-25 09:30:00-05:00,short,timeout,
2022-01-26 10:15:00-05:00,short,stop,-1.0277039007087811
2022-01-27 11:00:00-05:00,long,stop,-1.0159409728546551
2022-01-28 10:15:00-05:00,long,target,1.996626636081546
2022-02-01 09:45:00-05:00,short,stop,-1.0238224884287528
2022-02-02 09:45:00-05:00,short,stop,-1.0265071190544308
2022-02-03 10:50:00-05:00,short,target,1.994343635458746
2022-02-04 09:45:00-05:00,long,stop,-1.0201357726381297
2022-02-07 09:40:00-05:00,long,stop,-1.028311654694423
2022-02-08 10:20:00-05:00,long,target,1.9956702459301061
2022-02-09 09:50:00-05:00,short,stop,-1.0407166123769012
2022-02-10 09:40:00-05:00,long,target,1.9930284439488837
2022-02-18 09:50:00-05:00,long,stop,-1.0374973216190804
2022-02-22 10:40:00-05:00,short,target,1.9968834924830228
2022-02-23 09:55:00-05:00,short,target,1.9976196823704382
2022-02-24 09:50:00-05:00,long,target,1.9983222827691842
2022-02-25 10:10:00-05:00,long,target,1.9946695095949964
2022-02-28 10:25:00-05:00,long,target,1.9909150374303761
2022-03-01 10:45:00-05:00,short,target,1.9973069050953647
2022-03-02 10:10:00-05:00,short,stop,-1.0140033608064816
2022-03-03 09:50:00-05:00,short,target,1.9957337883959774
2022-03-04 10:00:00-05:00,long,stop,-1.0282668389593237
2022-03-08 10:20:00-05:00,long,stop,-1.0240615976897558
2022-03-11 09:40:00-05:00,short,target,1.9950258654995021
2022-03-14 09:45:00-04:00,long,stop,-1.0200738718481719
2022-03-18 09:50:00-04:00,long,target,1.9971821460775792
2022-03-21 10:40:00-04:00,long,target,1.9933844932523583
2022-03-23 10:10:00-04:00,long,target,1.9901806755699063
2022-03-24 09:30:00-04:00,long,stop,-1.039334681950116
2022-03-25 10:25:00-04:00,long,stop,-1.0470303681793331
2022-03-28 10:05:00-04:00,short,target,1.9913019274931705
2022-04-01 10:10:00-04:00,long,target,1.9821683309570504
2022-04-07 09:35:00-04:00,long,stop,-1.0277777777773367
2022-04-12 10:20:00-04:00,short,target,1.991466994334376
2022-04-20 09:40:00-04:00,short,target,1.9965705506324376
2022-04-21 10:00:00-04:00,short,target,1.9958739065853133
2022-04-25 10:10:00-04:00,long,target,1.9947357338388139
2022-04-27 10:05:00-04:00,short,target,1.9970414201183782
2022-04-28 09:45:00-04:00,short,stop,-1.0235728333195457
2022-04-29 09:55:00-04:00,long,target,1.9937343358397563
2022-05-02 09:45:00-04:00,long,stop,-1.0171417376822691
2022-05-03 10:10:00-04:00,short,stop,-1.029127829560101
2022-05-05 09:30:00-04:00,short,target,1.9987028485446028
2022-05-06 10:05:00-04:00,long,target,1.995776313566552
2022-05-10 09:40:00-04:00,short,target,1.9864864864872174
2022-05-11 09:45:00-04:00,long,stop,-1.0123248116063641
2022-05-13 10:45:00-04:00,short,stop,-1.0577901063318844
2022-05-16 10:10:00-04:00,long,stop,-1.0190631808276787
2022-05-17 09:50:00-04:00,short,target,1.9936143039592946
2022-05-20 10:10:00-04:00,short,target,1.997300798963536
2022-05-25 10:45:00-04:00,short,target,1.9910650464620778
2022-05-26 10:30:00-04:00,short,target,1.985056784220859
2022-05-27 10:45:00-04:00,short,target,1.9850817519999358
2022-05-31 10:20:00-04:00,long,target,1.9964249964250476
2022-06-01 10:05:00-04:00,short,target,1.993292192111798
2022-06-02 09:45:00-04:00,long,target,1.9957497449847714
2022-06-03 10:00:00-04:00,long,stop,-1.0354036010512773
2022-06-07 09:50:00-04:00,long,target,1.9955752212390163
2022-06-08 10:15:00-04:00,short,stop,-1.0447570332469363
2022-06-09 09:50:00-04:00,long,stop,-1.0311387900350335
2022-06-14 09:40:00-04:00,short,stop,-1.0232003181754843
2022-06-15 10:20:00-04:00,short,target,1.9921526775066813
2022-06-17 10:05:00-04:00,short,target,1.9904580152675395
2022-06-22 09:55:00-04:00,long,timeout,
2022-06-24 10:40:00-04:00,short,timeout,
2022-06-27 09:40:00-04:00,short,target,1.9716231555083346
2022-06-28 10:00:00-04:00,short,target,1.9942610532116465
2022-06-29 10:15:00-04:00,short,stop,-1.0450334534213823
2022-06-30 10:15:00-04:00,long,target,1.989265779304884
2022-07-01 09:45:00-04:00,long,target,1.9915915511909192
2022-07-05 10:50:00-04:00,short,target,1.9825565168865098
2022-07-08 09:40:00-04:00,long,stop,-1.0494210674936617
2022-07-11 11:00:00-04:00,short,stop,-1.0487601003051337
2022-07-12 09:50:00-04:00,short,timeout,
2022-07-14 09:50:00-04:00,long,stop,-1.0684395776273583
2022-07-15 09:50:00-04:00,short,stop,-1.0409069658709473
2022-07-18 10:05:00-04:00,short,target,1.9889036839774128
2022-07-20 10:00:00-04:00,short,stop,-1.1149802890857454
2022-07-21 10:05:00-04:00,short,stop,-1.027258566977768
2022-07-22 09:40:00-04:00,long,stop,-1.0353749747314447
2022-07-25 10:45:00-04:00,long,stop,-1.0607427976376003
2022-07-26 09:55:00-04:00,long,stop,-1.1059322033834242
2022-07-28 09:45:00-04:00,short,stop,-1.011002137558085
2022-08-01 09:45:00-04:00,long,target,1.9959177008491849
2022-08-02 10:45:00-04:00,long,timeout,
2022-08-03 10:20:00-04:00,short,stop,-1.042352371731792
2022-08-04 10:50:00-04:00,long,target,1.994036259542127
2022-08-05 10:30:00-04:00,short,target,1.991361437457106
2022-08-10 10:45:00-04:00,long,timeout,
2022-08-11 10:25:00-04:00,short,target,1.9919041450779829
2022-08-15 09:45:00-04:00,short,stop,-1.1181634030980314
2022-08-16 10:45:00-04:00,long,target,1.9913852515509518
2022-08-18 10:20:00-04:00,long,timeout,
2022-08-23 10:25:00-04:00,short,target,1.989999199936395
2022-08-25 10:55:00-04:00,short,target,1.990712534363968
2022-08-29 10:30:00-04:00,short,target,1.9886270585029286
2022-08-30 11:00:00-04:00,long,target,1.9792013311165406
2022-08-31 10:00:00-04:00,short,target,1.993869844539408
2022-09-01 10:25:00-04:00,long,stop,-1.0446770487606662
2022-09-02 10:55:00-04:00,short,target,1.9946027633852634
2022-09-05 09:40:00-04:00,long,stop,-1.0264310527106717
2022-09-06 10:30:00-04:00,long,target,1.9911253106144438
2022-09-08 09:45:00-04:00,long,target,1.9960417986067758
2022-09-14 09:45:00-04:00,long,stop,-1.0333206397556496
2022-09-15 09:30:00-04:00,short,timeout,
2022-09-16 10:45:00-04:00,short,target,1.9932669000809784
2022-09-27 09:50:00-04:00,short,target,1.9925324093436725
2022-10-04 10:25:00-04:00,short,stop,-1.0741211351091036
2022-10-07 10:45:00-04:00,long,stop,-1.0767880649373958
2022-10-10 10:20:00-04:00,long,stop,-1.0550660792934228
2022-10-11 10:15:00-04:00,long,target,1.9911410347274576
2022-10-12 10:10:00-04:00,short,stop,-1.0350056008954427
2022-10-13 09:50:00-04:00,long,target,1.99701706240309
2022-10-14 10:55:00-04:00,long,target,1.9933949801851152
2022-10-17 10:25:00-04:00,short,target,1.99140539053935
2022-10-18 09:55:00-04:00,short,target,1.996147326244473
2022-10-19 09:45:00-04:00,short,stop,-1.051181562937203
2022-10-21 10:25:00-04:00,short,stop,-1.0255474452551014
2022-10-24 10:35:00-04:00,long,target,1.995896930904384
2022-10-25 10:50:00-04:00,long,target,1.9837662337672899
2022-10-27 10:05:00-04:00,long,target,1.9930050363740066
2022-10-31 10:45:00-04:00,long,target,1.9858597285075876
2022-11-01 09:50:00-04:00,short,target,1.996964177292083
2022-11-03 10:15:00-04:00,long,target,1.9932120553898125
2022-11-04 09:40:00-04:00,short,target,1.9952244508119346
2022-11-07 10:25:00-05:00,short,stop,-1.0897435897389856
2022-11-09 10:10:00-05:00,long,stop,-1.0378051414984275
2022-11-10 10:50:00-05:00,long,target,1.9937091092100225
2022-11-11 09:35:00-05:00,short,stop,-1.0425459496245613
2022-11-14 10:05:00-05:00,long,target,1.9930709534369992
2022-11-15 09:50:00-05:00,short,stop,-1.0351603311091548
2022-11-17 09:45:00-05:00,long,target,1.9930786267997485
2022-11-18 10:05:00-05:00,short,timeout,
2022-11-21 09:50:00-05:00,long,stop,-1.0493374682816654
2022-11-22 10:05:00-05:00,long,target,1.9938680402258067
2022-11-29 10:55:00-05:00,short,target,1.963976945250143
2022-12-01 10:10:00-05:00,short,target,1.9911070005694682
2022-12-02 10:15:00-05:00,long,timeout,
2022-12-06 09:35:00-05:00,short,target,1.9878048780493756
2022-12-07 10:05:00-05:00,long,timeout,
2022-12-08 10:45:00-05:00,short,stop,-1.1563896335874406
2022-12-09 09:55:00-05:00,short,stop,-1.0413418379390182
2022-12-12 10:35:00-05:00,short,stop,-1.0435431699416873
2022-12-13 10:05:00-05:00,short,target,1.9969583414444598
2022-12-15 10:50:00-05:00,short,target,1.9908351052133277
2022-12-16 10:00:00-05:00,short,target,1.9914529914532837
2022-12-19 10:15:00-05:00,long,target,1.977127172920667
2022-12-20 09:55:00-05:00,long,target,1.9919923126203718
2022-12-23 10:50:00-05:00,short,target,1.9899477281869749
2022-12-27 10:20:00-05:00,long,timeout,
2022-12-30 10:30:00-05:00,short,stop,-1.0945026460689844
2023-01-03 09:50:00-05:00,short,target,1.9960006398976804
2023-01-05 09:55:00-05:00,long,target,1.9896992171409276
2023-01-06 09:55:00-05:00,long,target,1.9899071457412225
2023-01-09 11:00:00-05:00,short,stop,-1.1483050847331753
2023-01-10 10:30:00-05:00,short,stop,-1.0392447075699853
2023-01-11 10:35:00-05:00,short,stop,-1.0551911189587724
2023-01-12 10:05:00-05:00,long,target,1.9811463046771391
2023-01-16 09:30:00-05:00,short,target,1.9857142857151024
2023-01-17 10:30:00-05:00,short,target,1.9790092359379543
2023-01-18 10:15:00-05:00,short,target,1.9772727272747943
2023-01-19 10:00:00-05:00,long,stop,-1.082314205076088
2023-01-20 09:30:00-05:00,long,target,1.9925350851002532
2023-01-24 10:00:00-05:00,short,timeout,
2023-01-26 09:45:00-05:00,short,target,1.9931110498761886
2023-01-30 11:00:00-05:00,long,target,1.9908391352146997
2023-01-31 10:00:00-05:00,short,stop,-1.0638919313594744
2023-02-01 09:35:00-05:00,short,stop,-1.0804967801250913
2023-02-03 09:40:00-05:00,long,target,1.9960986267166652
2023-02-06 10:50:00-05:00,long,target,1.9934486373167335
2023-02-07 10:20:00-05:00,long,target,1.991719112289112
2023-02-08 09:30:00-05:00,short,target,1.996942195259217
2023-02-10 10:45:00-05:00,short,target,1.9951007290116192
2023-02-13 10:10:00-05:00,short,target,1.971231300348538
2023-02-14 10:30:00-05:00,short,target,1.9953731122298755
2023-02-15 10:20:00-05:00,long,target,1.9953780735811542
2023-02-17 10:45:00-05:00,short,timeout,
2023-02-21 09:40:00-05:00,long,stop,-1.0938841201666378
2023-02-22 09:55:00-05:00,short,target,1.9905510620609819
2023-02-23 10:05:00-05:00,short,target,1.988511029412293
2023-02-28 10:15:00-05:00,short,stop,-1.0620523367115045
2023-03-01 09:50:00-05:00,long,stop,-1.06166314305632
2023-03-03 10:55:00-05:00,short,target,1.9823695345569565
2023-03-07 10:25:00-05:00,long,target,1.9922696351270173
2023-03-08 10:50:00-05:00,short,stop,-1.0780135520649983
2023-03-09 10:15:00-05:00,short,target,1.9889429455997818
2023-03-10 10:05:00-05:00,long,stop,-1.0228997644592657
2023-03-15 09:30:00-04:00,short,stop,-1.0262408157141067
2023-03-16 09:35:00-04:00,short,stop,-1.0424036830617291
2023-03-23 09:30:00-04:00,long,timeout,
2023-03-24 09:30:00-04:00,short,target,1.9928387281583264
2023-03-28 10:25:00-04:00,short,target,1.9869178440613864
2023-03-30 10:10:00-04:00,short,stop,-1.042579075424754
2023-04-03 10:40:00-04:00,short,target,1.985481997677964
2023-04-04 09:40:00-04:00,short,target,1.9835201054724119
2023-04-06 10:00:00-04:00,long,target,1.9882142183675178
2023-04-10 10:15:00-04:00,long,target,1.9883177570098918
2023-04-11 10:25:00-04:00,long,stop,-1.1049790041928593
2023-04-12 10:10:00-04:00,long,stop,-1.037449176117324
2023-04-14 09:40:00-04:00,long,stop,-1.0455018200716182
2023-04-17 10:15:00-04:00,long,stop,-1.0921537651346933
2023-04-18 10:00:00-04:00,short,target,1.9939932724653051
2023-04-20 09:45:00-04:00,long,target,1.9907952871873789
2023-04-21 10:10:00-04:00,long,target,1.9901574803153481
2023-04-24 10:00:00-04:00,short,target,1.9914994899696872
2023-04-26 10:30:00-04:00,long,target,1.9870264660100148
2023-04-27 11:00:00-04:00,short,stop,-1.0879839115089003
2023-04-28 10:40:00-04:00,short,target,1.9838605551979454
2023-05-01 10:35:00-04:00,long,target,1.9860178970925058
2023-05-02 09:50:00-04:00,long,stop,-1.139776357816302
2023-05-03 10:05:00-04:00,short,target,1.9813710879298538
2023-05-09 10:00:00-04:00,long,stop,-1.0739957716670612
2023-05-10 09:45:00-04:00,short,stop,-1.0806897823644073
2023-05-11 09:35:00-04:00,short,stop,-1.0386654882890274
2023-05-15 09:55:00-04:00,short,stop,-1.0488690309955637
2023-05-16 09:55:00-04:00,short,target,1.9847560975619052
2023-05-17 10:10:00-04:00,long,target,1.985083532220461
2023-05-19 09:50:00-04:00,short,target,1.9868282402535917
2023-05-22 10:05:00-04:00,short,target,1.9903063202795543
2023-05-30 09:55:00-04:00,short,timeout,
2023-05-31 09:40:00-04:00,long,stop,-1.0558570060626915
2023-06-01 10:20:00-04:00,short,stop,-1.0807493540014386
2023-06-02 09:50:00-04:00,short,stop,-1.0286828820555192
2023-06-05 09:55:00-04:00,short,stop,-1.0436082731112986
2023-06-07 09:55:00-04:00,short,target,1.9918032786887934
2023-06-09 11:00:00-04:00,long,target,1.980739599385151
2023-06-13 09:50:00-04:00,short,target,1.9921635007212037
2023-06-14 11:00:00-04:00,short,stop,-1.0837320574122613
2023-06-15 09:35:00-04:00,short,stop,-1.027878672018927
2023-06-16 10:45:00-04:00,short,stop,-1.0552050473168717
2023-06-20 09:55:00-04:00,short,target,1.9930881946366303
2023-06-22 09:45:00-04:00,long,target,1.9940730203889505
2023-06-23 10:10:00-04:00,long,target,1.994041944709389
2023-06-26 10:35:00-04:00,short,target,1.9935716122398155
2023-06-27 10:10:00-04:00,short,stop,-1.0350856088849782
2023-06-29 10:20:00-04:00,long,target,1.9751243781119272
2023-07-05 10:45:00-04:00,short,target,1.9809451219526737
2023-07-06 10:30:00-04:00,long,stop,-1.0825471698074225
2023-07-07 10:20:00-04:00,short,stop,-1.055537924466659
2023-07-10 10:05:00-04:00,long,target,1.9847653869600999
2023-07-11 09:45:00-04:00,short,stop,-1.0350084020157837
2023-07-13 10:40:00-04:00,long,target,1.9909779862868646
2023-07-17 09:45:00-04:00,short,stop,-1.0525683388389144
2023-07-18 10:30:00-04:00,short,stop,-1.0855327468188907
2023-07-19 09:50:00-04:00,short,target,1.9821835803889547
2023-07-24 10:15:00-04:00,long,timeout,
2023-07-25 10:30:00-04:00,short,stop,-1.0744680851032127
2023-07-26 09:45:00-04:00,long,target,1.9755381604720603
2023-07-27 10:10:00-04:00,short,target,1.9946305841925551
2023-07-31 10:10:00-04:00,long,timeout,
2023-08-01 10:30:00-04:00,long,timeout,
2023-08-03 09:50:00-04:00,long,stop,-1.0253476245651023
2023-08-04 09:45:00-04:00,short,target,1.9922672440460172
2023-08-07 09:45:00-04:00,short,stop,-1.0454781704769864
2023-08-10 10:40:00-04:00,short,target,1.9961603440332336
2023-08-11 10:05:00-04:00,long,stop,-1.036618539442631
2023-08-14 09:40:00-04:00,long,target,1.993221258134674
2023-08-16 10:30:00-04:00,short,target,1.991364421416533
2023-08-17 10:50:00-04:00,long,stop,-1.061468212150985
2023-08-21 10:15:00-04:00,short,target,1.9907482791802698
2023-08-22 09:40:00-04:00,short,target,1.991930277598711
2023-08-24 09:40:00-04:00,short,target,1.9869927159215937
2023-08-25 09:35:00-04:00,long,target,1.9790444258190252
2023-08-30 10:35:00-04:00,long,timeout,
2023-08-31 10:50:00-04:00,short,target,1.9795951681374815
2023-09-01 09:40:00-04:00,short,target,1.99500199920042
2023-09-04 10:05:00-04:00,short,target,1.9794913863839645
2023-09-05 10:10:00-04:00,long,target,1.9902950310562777
2023-09-07 10:15:00-04:00,long,target,1.9918804806758075
2023-09-08 10:35:00-04:00,short,target,1.9893617021281125
2023-09-11 09:40:00-04:00,short,stop,-1.0399999999990852
2023-09-13 10:25:00-04:00,long,target,1.9924288310117377
2023-09-14 09:55:00-04:00,short,stop,-1.0482492417962999
2023-09-18 09:45:00-04:00,short,target,1.9797734627848067
2023-09-19 10:20:00-04:00,long,stop,-1.072433774831438
2023-09-21 10:10:00-04:00,long,target,1.9858276643998978
2023-09-22 09:40:00-04:00,short,stop,-1.1242015613822374
2023-09-25 09:40:00-04:00,long,target,1.994444444444568
2023-09-26 10:30:00-04:00,long,stop,-1.0579086697532132
2023-09-27 10:05:00-04:00,short,target,1.994469026548795
2023-09-28 09:55:00-04:00,long,target,1.9961366094885469
2023-10-03 09:50:00-04:00,long,stop,-1.0444613821126905
2023-10-04 10:05:00-04:00,short,stop,-1.0377317809392457
2023-10-05 09:40:00-04:00,short,target,1.9960164441187416
2023-10-06 10:15:00-04:00,long,target,1.9917844232667834
2023-10-09 09:45:00-04:00,long,stop,-1.0406976744176577
2023-10-11 09:45:00-04:00,short,target,1.9842767295607373
2023-10-12 09:45:00-04:00,short,stop,-1.172924901168662
2023-10-16 09:45:00-04:00,short,stop,-1.0451379932926186
2023-10-17 10:10:00-04:00,long,target,1.9965659340659812
2023-10-18 10:20:00-04:00,long,stop,-1.0226361402144273
2023-10-19 09:40:00-04:00,short,stop,-1.0534514355512077
2023-10-23 09:50:00-04:00,long,target,1.9961508852964411
2023-10-24 09:50:00-04:00,short,target,1.986878018056536
2023-10-25 10:55:00-04:00,short,stop,-1.0552050473168684
2023-10-26 11:00:00-04:00,short,target,1.9865951742634547
2023-10-27 10:55:00-04:00,long,stop,-1.0383351588162466
2023-10-30 10:15:00-04:00,short,timeout,
2023-10-31 10:10:00-04:00,long,target,1.994720168954705
2023-11-09 11:00:00-05:00,long,stop,-1.0441696113063044
2023-11-10 10:05:00-05:00,short,stop,-1.0852411105657487
2023-11-14 10:55:00-05:00,short,target,1.9768946395585127
2023-11-15 09:45:00-05:00,short,target,1.9820788530478788
2023-11-16 09:50:00-05:00,long,stop,-1.050461361013538
2023-11-17 09:55:00-05:00,long,stop,-1.0898357289481604
2023-11-20 10:15:00-05:00,short,stop,-1.080719557191846
2023-11-22 09:50:00-05:00,short,target,1.988656987296341
2023-11-27 10:00:00-05:00,long,target,1.9775583482964487
2023-11-28 10:05:00-05:00,long,target,1.9881796690312918
2023-11-29 10:05:00-05:00,short,target,1.9921334172437968
2023-11-30 11:00:00-05:00,long,stop,-1.0567444876764989
2023-12-01 09:30:00-05:00,short,stop,-1.0365573428026627
2023-12-05 09:55:00-05:00,long,timeout,
2023-12-06 09:40:00-05:00,short,target,1.9801901743280377
2023-12-07 09:50:00-05:00,short,stop,-1.0544662309351245
2023-12-08 09:45:00-05:00,long,target,1.9930805424856606
2023-12-13 09:45:00-05:00,short,target,1.987998079693326
2023-12-14 10:05:00-05:00,short,target,1.989370748299772
2023-12-18 10:40:00-05:00,short,stop,-1.094594594589479
2023-12-19 10:40:00-05:00,short,stop,-1.0717801476590696
2023-12-20 09:40:00-05:00,long,target,1.9910873440288392
2023-12-21 10:20:00-05:00,long,stop,-1.0358533087474715
2023-12-22 10:30:00-05:00,long,stop,-1.0924947145828376
2023-12-28 10:10:00-05:00,short,stop,-1.1028202115098171
2024-01-04 10:10:00-05:00,long,timeout,
2024-01-05 09:35:00-05:00,long,target,1.9909354604789364
2024-01-09 10:10:00-05:00,long,target,1.9957052052912607
2024-01-10 09:55:00-05:00,short,stop,-1.0519441970895844
2024-01-11 09:45:00-05:00,short,target,1.9923780487807201
2024-01-12 10:00:00-05:00,short,timeout,
2024-01-16 10:00:00-05:00,long,target,1.9832473363276018
2024-01-17 10:30:00-05:00,long,target,1.9871577541487033
2024-01-18 10:05:00-05:00,short,stop,-1.0479609734694135
2024-01-22 09:45:00-05:00,short,target,1.9814195466383169
2024-01-24 10:55:00-05:00,short,target,1.9863484956049602
2024-01-25 10:35:00-05:00,short,stop,-1.0635878056733612
2024-01-26 10:25:00-05:00,long,stop,-1.0336758649880002
2024-01-29 10:25:00-05:00,short,stop,-1.076566328313065
2024-02-01 10:45:00-05:00,short,target,1.9850397941484625
2024-02-06 10:35:00-05:00,long,stop,-1.0494979493692689
2024-02-14 09:40:00-05:00,short,target,1.9809987079135818
2024-02-15 09:55:00-05:00,short,stop,-1.0392192017202841
2024-02-20 10:45:00-05:00,long,target,1.9861280656982516
2024-02-22 10:40:00-05:00,short,target,1.9896749679928272
2024-02-23 10:00:00-05:00,short,target,1.994781882696832
2024-02-26 09:45:00-05:00,short,stop,-1.0599315068472601
2024-02-27 10:00:00-05:00,long,stop,-1.0465549348218521
2024-02-28 10:10:00-05:00,long,target,1.9894264929796388
2024-02-29 10:15:00-05:00,short,target,1.994148077058258
2024-03-01 10:35:00-05:00,short,stop,-1.1075599262380051
2024-03-06 09:50:00-05:00,short,target,1.9894121633072406
2024-03-07 09:45:00-05:00,short,stop,-1.0369471128462573
2024-03-08 10:40:00-05:00,short,target,1.987100103199841
2024-03-11 10:35:00-04:00,long,target,1.9930146134289026
2024-03-12 09:40:00-04:00,short,target,1.991594943518303
2024-03-14 10:10:00-04:00,long,target,1.979263437294356
2024-03-15 10:15:00-04:00,long,target,1.9879998079975034
2024-03-18 09:55:00-04:00,short,target,1.9848686599694438
2024-03-20 09:40:00-04:00,short,stop,-1.080723280590398
2024-03-21 09:50:00-04:00,short,stop,-1.0513030987056615
2024-03-22 09:55:00-04:00,long,stop,-1.0818981654772504
2024-03-25 09:50:00-04:00,long,target,1.9943736778144128
2024-03-27 09:40:00-04:00,short,timeout,
2024-03-28 10:10:00-04:00,short,timeout,
2024-04-01 10:20:00-04:00,short,target,1.994827657549658
2024-04-02 10:25:00-04:00,long,stop,-1.0762394353891962
2024-04-04 09:55:00-04:00,short,stop,-1.0638709441927086
2024-04-09 09:50:00-04:00,short,target,1.9936098969917029
2024-04-10 10:50:00-04:00,short,target,1.9913085801699586
2024-04-11 10:45:00-04:00,long,target,1.9959231597143616
2024-04-15 10:10:00-04:00,short,target,1.9948310796841824
2024-04-16 10:30:00-04:00,short,stop,-1.0385004620046954
2024-04-18 09:50:00-04:00,long,target,1.9937898998933403
2024-04-19 11:00:00-04:00,short,target,1.9897821555568818
2024-04-22 10:20:00-04:00,short,stop,-1.0294721950885934
2024-04-24 10:00:00-04:00,short,stop,-1.0782752605412933
2024-04-25 09:45:00-04:00,long,target,1.9926179649207878
2024-04-30 09:30:00-04:00,short,target,1.996495900203287
2024-05-02 09:30:00-04:00,long,stop,-1.0145470868418314
2024-05-03 10:55:00-04:00,short,stop,-1.0565738854926243
2024-05-07 10:25:00-04:00,short,stop,-1.0514584803560467
2024-05-08 09:40:00-04:00,long,target,1.9867962395697252
2024-05-09 09:55:00-04:00,long,target,1.991379310345125
2024-05-10 10:05:00-04:00,short,target,1.9917855030560632
2024-05-13 09:40:00-04:00,short,target,1.9890672147641106
2024-05-14 10:00:00-04:00,short,stop,-1.0821982151206055
2024-05-15 09:50:00-04:00,short,stop,-1.0373054785752012
2024-05-20 11:00:00-04:00,short,stop,-1.079512926526435
2024-05-21 10:30:00-04:00,long,timeout,
2024-05-23 09:55:00-04:00,short,target,1.9972779634811877
2024-05-27 09:55:00-04:00,short,stop,-1.0876885303358421
2024-05-28 10:05:00-04:00,long,target,1.9923516994526154
2024-05-29 09:50:00-04:00,long,target,1.9901570927993173
2024-06-03 09:55:00-04:00,short,target,1.993239223322158
2024-06-04 09:35:00-04:00,short,target,1.9880946711753849
2024-06-06 09:50:00-04:00,short,target,1.9881387294212591
2024-06-07 09:50:00-04:00,long,target,1.9941888844984035
2024-06-10 10:25:00-04:00,long,target,1.9850397941484625
2024-06-11 10:05:00-04:00,long,target,1.9883237588161078
2024-06-12 10:40:00-04:00,short,target,1.9822266458138604
2024-06-14 09:40:00-04:00,long,target,1.9826244092311207
2024-06-17 10:00:00-04:00,long,target,1.9935548738045954
2024-06-18 10:10:00-04:00,long,stop,-1.0977053207471523
2024-06-19 10:45:00-04:00,long,stop,-1.1348331920691266
2024-06-21 10:15:00-04:00,long,timeout,
2024-06-24 10:00:00-04:00,long,stop,-1.0241639280878168
2024-06-25 09:30:00-04:00,long,timeout,
2024-06-28 10:40:00-04:00,short,target,1.9951150885146915
2024-07-01 10:00:00-04:00,long,stop,-1.0471863456184867
2024-07-03 10:25:00-04:00,short,stop,-1.114356662084925
2024-07-04 09:30:00-04:00,short,stop,-1.060996863016349
2024-07-05 10:10:00-04:00,short,stop,-1.0373867714912528
2024-07-08 10:20:00-04:00,short,stop,-1.062549145755138
2024-07-09 10:40:00-04:00,long,target,1.9767073511621454
2024-07-10 10:20:00-04:00,short,target,1.9877041117456389
2024-07-12 10:20:00-04:00,short,target,1.982144132563236
2024-07-15 09:30:00-04:00,long,target,1.997274372560593
2024-07-16 10:00:00-04:00,short,timeout,
2024-07-18 09:45:00-04:00,short,target,1.9953104483212287
2024-07-22 10:00:00-04:00,short,target,1.9927283304248773
2024-07-23 11:00:00-04:00,long,target,1.989626125565806
2024-07-25 10:20:00-04:00,long,target,1.995884502683372
2024-07-26 10:35:00-04:00,short,stop,-1.0187205819424612
2024-07-29 10:10:00-04:00,short,target,1.9962593329643104
2024-07-30 09:45:00-04:00,short,target,1.9951965568920724
2024-07-31 10:45:00-04:00,short,target,1.9882684185833766
2024-08-01 10:05:00-04:00,short,target,1.9946618837145886
2024-08-02 09:40:00-04:00,long,stop,-1.014163503484107
2024-08-05 09:50:00-04:00,long,timeout,
2024-08-07 10:20:00-04:00,short,target,1.9962568126011222
2024-08-09 10:35:00-04:00,short,stop,-1.0196830467104594
2024-08-12 10:10:00-04:00,long,timeout,
2024-08-14 10:45:00-04:00,long,target,1.9958177894508622
2024-08-15 10:55:00-04:00,short,stop,-1.1092179991194544
2024-08-20 10:50:00-04:00,long,timeout,
2024-08-21 10:30:00-04:00,short,target,1.984064252933192
2024-08-23 10:35:00-04:00,short,target,1.994936913947892
2024-08-26 10:55:00-04:00,long,target,1.991224375175821
2024-08-27 09:55:00-04:00,long,target,1.99265634638567
2024-08-28 10:25:00-04:00,long,stop,-1.048386650812943
2024-08-29 10:20:00-04:00,short,stop,-1.033221329991586
2024-09-02 10:00:00-04:00,short,target,1.9828107810792923
2024-09-04 09:45:00-04:00,long,stop,-1.030172413792583
2024-09-05 10:15:00-04:00,short,stop,-1.0806043019630331
2024-09-09 10:20:00-04:00,short,target,1.9942894995318698
2024-09-12 10:40:00-04:00,short,target,1.991045524553493
2024-09-13 10:40:00-04:00,long,timeout,
2024-09-16 09:50:00-04:00,long,stop,-1.03655963398507
2024-09-17 09:50:00-04:00,short,stop,-1.0523622871831393
2024-09-18 10:30:00-04:00,long,target,1.9834426120946114
2024-09-19 09:50:00-04:00,short,stop,-1.0386595091338355
2024-09-24 10:50:00-04:00,long,target,1.9961655853617974
2024-09-25 10:25:00-04:00,short,target,1.9827740646329002
2024-09-30 10:00:00-04:00,short,target,1.9938873811097122
2024-10-01 10:40:00-04:00,long,stop,-1.0408468127805968
2024-10-03 09:55:00-04:00,long,target,1.995156071380226
2024-10-04 09:55:00-04:00,short,timeout,
2024-10-07 10:20:00-04:00,long,stop,-1.0291176519520606
2024-10-10 10:00:00-04:00,long,target,1.987178172120875
2024-10-11 10:45:00-04:00,short,target,1.990144287629498
2024-10-14 10:10:00-04:00,short,target,1.9829398116566839
2024-10-16 09:35:00-04:00,short,target,1.994850139046352
2024-10-17 09:40:00-04:00,short,target,1.9815075079531403
2024-10-21 10:25:00-04:00,short,target,1.991395628979818
2024-10-22 09:45:00-04:00,long,target,1.9949631301125244
2024-10-23 10:30:00-04:00,long,stop,-1.0436899263501755
2024-10-24 10:50:00-04:00,short,target,1.9911460546822803
2024-10-30 09:55:00-04:00,long,timeout,
2024-10-31 10:20:00-04:00,long,stop,-1.0413496526619401
2024-11-01 10:45:00-04:00,short,stop,-1.0321697090014113
2024-11-04 09:45:00-05:00,long,stop,-1.0247994785020424
2024-11-06 09:50:00-05:00,short,stop,-1.0281450030552903
2024-11-11 09:40:00-05:00,short,target,1.989240370131731
2024-11-14 10:30:00-05:00,long,target,1.9923573109965345
2024-11-18 09:50:00-05:00,short,stop,-1.1040242525052544
2024-11-20 10:35:00-05:00,long,target,1.9934479505190938
2024-11-21 09:40:00-05:00,short,target,1.9972944015757699
2024-11-22 10:40:00-05:00,long,timeout,
2024-11-25 09:50:00-05:00,short,target,1.9945282234237007
2024-11-29 09:40:00-05:00,long,target,1.993303511638676
2024-12-03 10:05:00-05:00,long,timeout,
2024-12-09 09:45:00-05:00,long,stop,-1.0519796833679307
2024-12-10 09:55:00-05:00,short,stop,-1.0602720854120788
2024-12-12 10:20:00-05:00,long,timeout,
2024-12-17 09:45:00-05:00,long,stop,-1.0564935274540317
2024-12-18 09:55:00-05:00,long,stop,-1.0373763909348928
2024-12-20 09:40:00-05:00,long,stop,-1.029846164341
2024-12-26 09:30:00-05:00,short,target,1.995573497645179
2024-12-27 10:45:00-05:00,long,target,1.9951666537778368
2024-12-31 10:20:00-05:00,long,stop,-1.0439234978152712
2025-01-02 10:20:00-05:00,short,target,1.9965438106561708
2025-01-07 10:55:00-05:00,long,stop,-1.0331866798142835
2025-01-08 10:55:00-05:00,long,stop,-1.0177583844942129
2025-01-10 10:20:00-05:00,long,target,1.9920607196166267
2025-01-13 09:55:00-05:00,long,stop,-1.0335821611553486
2025-01-14 09:50:00-05:00,short,target,1.993167532112786
2025-01-17 10:35:00-05:00,long,target,1.9957680914092972
2025-01-20 10:00:00-05:00,short,target,1.9923272872359103
2025-01-24 10:05:00-05:00,short,target,1.992783743216927
2025-01-27 11:00:00-05:00,short,target,1.9966561893934776
2025-01-28 09:55:00-05:00,long,target,1.9965955360669374
2025-01-30 10:00:00-05:00,short,target,1.995563757674778
2025-02-03 10:25:00-05:00,long,timeout,
2025-02-06 10:25:00-05:00,short,stop,-1.0510233832861633
2025-02-11 10:15:00-05:00,long,target,1.9924113647403954
2025-02-12 09:40:00-05:00,long,target,1.9923310531000233
2025-02-14 10:35:00-05:00,short,stop,-1.0758297946062931
2025-02-17 09:40:00-05:00,short,stop,-1.0561509337080075
2025-02-18 10:55:00-05:00,long,stop,-1.0632819845207402
2025-02-19 10:55:00-05:00,short,stop,-1.0854116843142385
2025-02-20 10:20:00-05:00,long,stop,-1.0263999517254039
2025-02-21 09:40:00-05:00,short,target,1.9947552814317087
2025-02-24 09:40:00-05:00,short,target,1.990164837326797
2025-02-26 09:30:00-05:00,long,target,1.9965389780294804
2025-02-27 09:45:00-05:00,short,target,1.996726720435782
2025-02-28 10:40:00-05:00,short,stop,-1.0444534762607116
2025-03-03 09:40:00-05:00,short,target,1.9975082973697835
2025-03-05 10:20:00-05:00,short,target,1.996979399504658
2025-03-06 10:05:00-05:00,long,stop,-1.0153554568905168
2025-03-07 10:50:00-05:00,long,stop,-1.0376061029324677
2025-03-12 10:15:00-04:00,short,target,1.9971157285093264
2025-03-13 10:15:00-04:00,long,stop,-1.0246482344818286
2025-03-14 10:00:00-04:00,short,stop,-1.0287625527993558
2025-03-19 10:30:00-04:00,short,stop,-1.0473984994976477
2025-03-20 10:05:00-04:00,long,stop,-1.013082449333445
2025-03-21 09:45:00-04:00,long,target,1.9932251158507028
2025-03-27 09:50:00-04:00,long,target,1.9937501562462503
2025-03-31 09:55:00-04:00,long,target,1.9961193381143691
2025-04-01 09:45:00-04:00,long,stop,-1.0332705944973626
2025-04-02 09:40:00-04:00,long,target,1.9983864201116701
2025-04-07 09:50:00-04:00,long,target,1.9987677930681027
2025-04-08 10:45:00-04:00,short,target,1.9952330104493319
2025-04-11 10:45:00-04:00,long,stop,-1.020341031929372
2025-04-14 09:40:00-04:00,short,target,1.997025403057921
2025-04-15 10:35:00-04:00,long,stop,-1.0314816147364272
2025-04-16 10:25:00-04:00,long,target,1.995707712382465
2025-04-17 10:45:00-04:00,long,target,1.9942910643740888
2025-04-21 10:50:00-04:00,short,target,1.9957281022522175
2025-04-23 10:55:00-04:00,short,target,1.9954909458192862
2025-04-24 10:45:00-04:00,short,stop,-1.0573356922856494
2025-04-25 10:25:00-04:00,short,stop,-1.0184059403855952
2025-04-28 09:35:00-04:00,short,stop,-1.033668738095049
2025-04-29 09:45:00-04:00,long,target,1.9952440741164397
2025-05-01 10:20:00-04:00,long,target,1.9964325974971615
2025-05-05 10:00:00-04:00,long,stop,-1.0599335593664243
2025-05-06 10:05:00-04:00,long,target,1.9944362843282497
2025-05-07 10:00:00-04:00,long,stop,-1.035321424966487
2025-05-08 09:50:00-04:00,short,target,1.9942231259822023
2025-05-09 09:30:00-04:00,long,stop,-1.020566459043124
2025-05-12 09:40:00-04:00,short,target,1.9891143429422142
2025-05-14 09:45:00-04:00,short,stop,-1.0470417461883523
2025-05-15 10:20:00-04:00,long,stop,-1.0333759273733447
2025-05-19 09:40:00-04:00,long,target,1.995515373300407
2025-05-20 10:20:00-04:00,long,target,1.9867331776699897
2025-05-21 09:45:00-04:00,long,target,1.9941144619442495
2025-05-22 10:15:00-04:00,short,target,1.9927139193287269
2025-05-23 10:05:00-04:00,long,target,1.9861954721156168
2025-05-26 09:55:00-04:00,short,target,1.986871816416169
2025-05-27 09:45:00-04:00,long,target,1.9897996654294416
2025-05-28 09:50:00-04:00,short,timeout,
2025-05-29 09:45:00-04:00,short,target,1.9966897063107878
2025-05-30 10:05:00-04:00,long,stop,-1.0245865939836662
2025-06-02 09:50:00-04:00,short,stop,-1.0235183443082445
2025-06-06 10:40:00-04:00,long,target,1.988631195998697
2025-06-09 09:50:00-04:00,long,target,1.9942528735633505
2025-06-13 10:40:00-04:00,long,stop,-1.020955574182482
2025-06-19 10:10:00-04:00,long,target,1.9933452232013915
2025-06-20 09:50:00-04:00,short,target,1.995751406284592
2025-06-25 09:50:00-04:00,short,target,1.9918359349489962
2025-06-27 10:25:00-04:00,short,stop,-1.0793470868247963
2025-07-02 09:50:00-04:00,long,target,1.994280877542281
2025-07-04 09:45:00-04:00,long,stop,-1.084590100537293
2025-07-09 10:30:00-04:00,short,target,1.9954082101203892
2025-07-11 10:00:00-04:00,long,target,1.9888552068478582
2025-07-14 10:15:00-04:00,long,target,1.9928204244567125
2025-07-15 10:10:00-04:00,long,stop,-1.0435941509094084
2025-07-17 10:15:00-04:00,short,target,1.9857232596661678
2025-07-18 09:55:00-04:00,short,target,1.9915663057048354
2025-07-21 10:45:00-04:00,short,target,1.9836355305371736
2025-07-22 10:10:00-04:00,long,target,1.9924996999882243
2025-07-24 10:40:00-04:00,long,timeout,
2025-07-25 09:50:00-04:00,long,target,1.9917608674161493
2025-07-28 10:50:00-04:00,short,target,1.9898781327183326
2025-07-29 09:45:00-04:00,short,target,1.9894018398410531
2025-07-31 10:25:00-04:00,short,target,1.9910107511419572
2025-08-01 10:10:00-04:00,long,target,1.9952650618383823
2025-08-05 10:05:00-04:00,short,target,1.9941542346725405
2025-08-06 10:15:00-04:00,short,stop,-1.0430567857483741
2025-08-07 10:10:00-04:00,short,target,1.9939221549608852
2025-08-08 10:55:00-04:00,short,stop,-1.0531543297982167
2025-08-12 10:40:00-04:00,long,target,1.9907142591839435
2025-08-13 10:00:00-04:00,short,target,1.9937515621096291
2025-08-14 11:00:00-04:00,short,target,1.9935362101509027
2025-08-15 10:05:00-04:00,long,stop,-1.0313490855018295
2025-08-18 10:55:00-04:00,long,timeout,
2025-08-19 10:05:00-04:00,long,stop,-1.0260894196218358
2025-08-21 10:05:00-04:00,long,stop,-1.0186589045621695
2025-08-25 10:00:00-04:00,long,target,1.9930509228376403
2025-08-28 10:10:00-04:00,long,target,1.995318439729681
2025-09-02 09:40:00-04:00,long,target,1.994801197804134
2025-09-04 10:05:00-04:00,short,stop,-1.035191441440734
2025-09-05 10:10:00-04:00,short,target,1.9953084241936063
2025-09-09 10:55:00-04:00,long,timeout,
2025-09-11 09:40:00-04:00,short,stop,-1.042131112019593
2025-09-18 09:45:00-04:00,short,target,1.9855072463776522
2025-09-22 09:50:00-04:00,long,target,1.9903239540198039
2025-09-25 10:05:00-04:00,long,timeout,
2025-09-26 10:40:00-04:00,long,target,1.9960499913100433
2025-09-30 10:10:00-04:00,short,stop,-1.0462107208860218
2025-10-01 10:15:00-04:00,long,target,1.9974923516726266
2025-10-02 09:40:00-04:00,short,timeout,
2025-10-03 10:40:00-04:00,long,stop,-1.0359542251343443
2025-10-13 10:20:00-04:00,short,target,1.9928049271860708
2025-10-14 09:55:00-04:00,long,target,1.9968166248583803
2025-10-16 10:20:00-04:00,long,target,1.9953165979768581
2025-10-17 09:30:00-04:00,short,target,1.995475113122254
2025-10-21 10:20:00-04:00,long,stop,-1.0459486425446067
2025-10-22 09:45:00-04:00,long,target,1.980474851610398
2025-10-24 09:50:00-04:00,short,stop,-1.0648148148124132
2025-10-27 10:20:00-04:00,short,stop,-1.0575809423513558
2025-10-30 09:50:00-04:00,long,timeout,
2025-10-31 09:45:00-04:00,short,stop,-1.0446656457364805
2025-11-03 09:40:00-05:00,short,target,1.9949901807543786
2025-11-04 09:45:00-05:00,long,target,1.996493393553504
2025-11-07 10:15:00-05:00,long,stop,-1.016945541869849
2025-11-10 10:40:00-05:00,short,target,1.9913623328614392
2025-11-11 10:00:00-05:00,long,stop,-1.0534351145021845
2025-11-13 09:55:00-05:00,long,target,1.9927814512172561
2025-11-14 09:40:00-05:00,long,target,1.9981682029338197
2025-11-17 10:05:00-05:00,short,target,1.9956207959642023
2025-11-18 10:25:00-05:00,long,stop,-1.0220064887701261
2025-11-19 09:35:00-05:00,long,target,1.9953205428171208
2025-11-20 10:10:00-05:00,short,stop,-1.0292852720178518
2025-11-21 09:35:00-05:00,long,target,1.9796648771775158
2025-11-24 10:55:00-05:00,short,stop,-1.0768892794342355
2025-11-26 09:55:00-05:00,short,target,1.9947351795304886
2025-12-01 09:50:00-05:00,long,target,1.9955713020372794
2025-12-03 10:05:00-05:00,long,timeout,
2025-12-04 10:35:00-05:00,long,stop,-1.0239548826891893
2025-12-11 10:10:00-05:00,long,target,1.9959514170041142
2025-12-15 10:00:00-05:00,short,timeout,
2025-12-16 10:20:00-05:00,short,timeout,
2025-12-18 09:40:00-05:00,short,stop,-1.0372602039722083
2025-12-19 10:35:00-05:00,long,stop,-1.0411977965054537
2025-12-23 09:55:00-05:00,short,target,1.9928835752919762
2025-12-24 10:25:00-05:00,short,stop,-1.0985915492902176
2025-12-26 09:55:00-05:00,short,target,1.9895506792062883
2025-12-29 09:40:00-05:00,long,stop,-1.0285406745379897
2025-12-30 10:05:00-05:00,short,target,1.987970937786271
2026-01-02 10:35:00-05:00,long,stop,-1.0347339380339662
2026-01-08 10:10:00-05:00,long,timeout,
2026-01-09 10:45:00-05:00,short,stop,-1.02511120677249
2026-01-12 09:55:00-05:00,long,target,1.9945158601326172
2026-01-14 10:15:00-05:00,long,stop,-1.0160199196256277
2026-01-15 11:00:00-05:00,long,stop,-1.0242177661529153
2026-01-16 09:45:00-05:00,short,target,1.9931282812458937
2026-01-19 09:55:00-05:00,long,target,1.9908562232547877
2026-01-20 10:25:00-05:00,long,stop,-1.033018867923905
2026-01-30 10:40:00-05:00,long,stop,-1.024871379437412
2026-02-04 10:10:00-05:00,long,target,1.994513332601898
2026-02-05 09:40:00-05:00,long,stop,-1.0207557463763939
2026-02-06 10:00:00-05:00,short,target,1.9948268013078914
2026-02-09 09:40:00-05:00,long,target,1.9973227671878633
2026-02-10 09:55:00-05:00,long,stop,-1.0208415210735067
2026-02-11 10:00:00-05:00,short,target,1.9966583794477415
2026-02-13 10:40:00-05:00,short,stop,-1.0207103042637107
2026-02-16 09:55:00-05:00,long,stop,-1.0638616209880747
2026-02-17 09:45:00-05:00,short,target,1.9974781863116209
2026-02-19 09:55:00-05:00,long,stop,-1.0204288899522496
2026-02-24 10:00:00-05:00,short,stop,-1.0242264830065182
2026-02-25 10:10:00-05:00,short,target,1.9874264447021353
2026-02-26 10:40:00-05:00,long,timeout,
2026-03-02 10:05:00-05:00,long,target,1.9965921018553063
2026-03-04 10:40:00-05:00,short,stop,-1.0514705882337796
2026-03-05 10:40:00-05:00,long,stop,-1.0299181098587884
2026-03-06 10:30:00-05:00,long,stop,-1.011331848321518
2026-03-10 10:20:00-04:00,long,target,1.9944950896200624
2026-03-12 10:05:00-04:00,long,stop,-1.046158309813357
2026-03-13 10:10:00-04:00,short,target,1.9975763216318376
2026-03-16 10:30:00-04:00,short,target,1.9924762248708183
2026-03-17 10:15:00-04:00,short,timeout,
2026-03-18 11:00:00-04:00,long,stop,-1.0388086842738626
2026-03-19 09:55:00-04:00,long,timeout,
2026-03-24 10:00:00-04:00,long,target,1.9940582293524884
2026-03-25 09:50:00-04:00,short,timeout,
2026-03-26 09:50:00-04:00,long,target,1.9863989989670625
2026-03-27 10:50:00-04:00,long,target,1.9942311242386415
2026-03-30 09:40:00-04:00,short,target,1.994180091256305
2026-03-31 10:10:00-04:00,short,target,1.9878203254414968
2026-04-01 09:45:00-04:00,short,stop,-1.0267903615929272
2026-04-02 09:50:00-04:00,long,target,1.99615644794299
2026-04-07 10:20:00-04:00,long,target,1.993886185224282
2026-04-08 09:40:00-04:00,short,target,1.9949671860531673
2026-04-09 10:50:00-04:00,long,target,1.9918022035679508
2026-04-10 10:15:00-04:00,long,stop,-1.0396942409318009
2026-04-13 10:15:00-04:00,short,stop,-1.0656438726109139
2026-04-14 10:00:00-04:00,short,stop,-1.064997771502564
2026-04-16 10:10:00-04:00,long,target,1.995506102712597
2026-04-20 09:55:00-04:00,long,stop,-1.0402095491925862
2026-04-23 09:40:00-04:00,long,stop,-1.0485868177009103
2026-04-24 09:55:00-04:00,short,stop,-1.0382513661193822
2026-04-28 09:40:00-04:00,long,target,1.9845945279772896
2026-05-06 10:20:00-04:00,short,stop,-1.044279135670154
2026-05-08 10:45:00-04:00,long,target,1.9950854154790723
2026-05-11 09:55:00-04:00,short,stop,-1.020963607177688
2026-05-12 10:15:00-04:00,long,stop,-1.0276535562468965
2026-05-20 09:55:00-04:00,short,stop,-1.0303088034079155
2026-05-22 10:05:00-04:00,short,stop,-1.017944852903293
2026-05-25 10:10:00-04:00,short,target,1.9894398918649385
2026-05-27 10:40:00-04:00,long,stop,-1.0234631628340345
2026-05-29 10:15:00-04:00,short,target,1.9955774911992858
2026-06-01 10:10:00-04:00,long,target,1.9936377055022745
2026-06-02 09:50:00-04:00,long,target,1.9941800912563044
2026-06-03 10:15:00-04:00,long,stop,-1.013175131374782
2026-06-04 10:15:00-04:00,long,target,1.996928935569106
2026-06-05 10:10:00-04:00,long,target,1.9863737940815203
2026-06-08 10:00:00-04:00,short,stop,-1.025984824861894
2026-06-09 09:55:00-04:00,short,target,1.9974719896452953
2026-06-10 10:45:00-04:00,short,target,1.9965338916079063
2026-06-11 10:15:00-04:00,short,target,1.9983023685354309
2026-06-15 10:00:00-04:00,short,target,1.9884782007563615
2026-06-17 10:00:00-04:00,short,stop,-1.0125760853160721
2026-06-18 10:40:00-04:00,long,timeout,
2026-06-19 10:45:00-04:00,long,stop,-1.0756364264997371
2026-06-22 10:20:00-04:00,short,target,1.9971593168725539
2026-06-23 09:50:00-04:00,long,stop,-1.01201939587074
2026-06-24 10:30:00-04:00,long,stop,-1.0097320624186137
2026-06-25 09:40:00-04:00,short,target,1.9968981860592458
2026-06-29 10:00:00-04:00,short,target,1.9983916416835112
2026-06-30 10:55:00-04:00,short,stop,-1.023929006057129
2026-07-01 09:50:00-04:00,long,timeout,
2026-07-03 10:10:00-04:00,short,target,1.9909054530906585
2026-07-09 10:10:00-04:00,short,target,1.9965790914067245
2026-07-10 10:20:00-04:00,short,stop,-1.0416666666656742
2026-07-14 10:05:00-04:00,short,stop,-1.01905363325546
2026-07-15 09:40:00-04:00,short,target,1.9969400244798416
2026-07-16 10:05:00-04:00,long,target,1.99603105304107
2026-07-17 09:55:00-04:00,long,target,1.9985031015735486
2026-07-20 09:55:00-04:00,short,target,1.9961729226624796
2026-07-22 09:55:00-04:00,long,timeout,
2026-07-23 09:40:00-04:00,long,stop,-1.0279548250023494
